{"voltages": [-5.0, -4.733333333333333, -4.466666666666667, -4.2, -3.9333333333333336, -3.666666666666667, -3.4, -3.1333333333333333, -2.8666666666666667, -2.6, -2.3333333333333335, -2.066666666666667, -1.7999999999999998, -1.5333333333333332, -1.2666666666666666, -1.0, -0.7333333333333334, -0.4666666666666668, -0.20000000000000018, 0.06666666666666643, 0.33333333333333304, 0.5999999999999996, 0.8666666666666663, 1.1333333333333329, 1.4000000000000004, 1.666666666666667, 1.9333333333333336, 2.2, 2.466666666666667, 2.7333333333333334, 3.0], "frequencies": [384219.07005967025, 384219.23844705545, 384219.40698546584, 384219.56751050573, 384219.73647925205, 384219.9139168211, 384220.0779361782, 384220.2575107892, 384220.4480605221, 384220.6199825841, 384220.8137521139, 384221.05908453354, 384221.3318921001, 384221.6089643895, 384221.90556672134, 384222.2264764068, 384222.5112118937, 384222.8481395449, 384223.17687814444, 384223.5310728636, 384223.88859400584, 384224.2920462387, 384224.6677919952, 384225.0835948435, 384225.4907072156, 384225.937219013, 384226.3854255403, 384226.8841223389, 384227.33081141306, 384227.3372236937, 384227.3233789582], "poly_coeffs": [-0.007112412211426959, 0.05665252436898004, 1.31746054329388, 384223.518757387]}